DAERAH,TARIKH,BUTIRAN,LOKASI,PUNCA-PUNCA PENCEMARAN,LANGKAH YANG DI AMBIL
DBD,25.09.2014,Aduan daripada Y.B Ahli Parlimen Bayan Baru mengenai pencemaran Sungai Nibong Kecil.,Sungai Nibong Kecil,Kawasan Industri Bayan Lepas dan Kawasan perumahan,1) Telah dimaklumkan kepada JAS pemantauan.
DBD,24.08.2015,Aduan daripada penduduk mengenai pencemaran Sungai Nibong Kecil yang berbau busuk dan berwama hitam,Sungai Nibong Kecil,Kawasan Industri Bayan Lepas dan Kawasan perumahan,1) Telah dimaklumkan kepada JAS untuk tindakan penguakuasaan.
DBD,18.08.2015,Aduan daripada Persatuan Pengguna Pulau Pinang (CAP) mengenai aktiviti ternakan udang ancam alam sekitar dan kehidupan nelayan di Balik Pulau. Sisa buangan ternakan dilepaskan kedalam sungai menyebabkan sungai telah tercemar,Sungai Pinang,Kolam Ternakan Udang,1) Telah dimaklumkan kepada agensi yang terlibat untuk tindakan siasatan dan penguatkuasaan. JPS akan menjalankan kerja-kerja pengorekkan enapan didalam saluran sungai bagi mengurangkan masalah tersebut.
DBD,30.08.2016,Pencemaran sungai disebabkan oleh pelepasan air sisa ternakan khinzir disekitar kawasan gertak sanggul yang tidak dirawat. Aduan diterima daripada Sahabat Alam Malaysia (SAM),Sungai Gertak Sanggul,Sisa buang ternakan Khinzir,1) Telah dimaklumkan kepada agensi yang terlibat untuk tindakan sisatan dan penguatkuasaan. JPS akan menjalankan kerja-kerja pengorekkan enap cemar bagi mengurangkan masalah tersebut.
DTL,11.05.2016,Daerah mendapat aduan dari Jabatan Alam Sekitar berkenaan aduan tentang pencemaran kumbahan dari Kem Tentera Batu Feringghi.,Persisiran Pantai Batu Feringghi,Kumbahan tidak dirawat dari Kem Tentera Batu Feringghi,"1) Isu telah dibangkitkan dan masih di dalam tindakan Kementerian Pertahanan Malaysia, SPAN dan Kementerian Sumber Asli dan Alam Sekitar."
DTL,20.04.2016,"Aduan akhbar berkenaan Sungai Mas yang kotor dan tercemar. Siasatan mendapati di sepanjang hllir Sungai Mas terdapat banyak premis haram yang menjalankan perniagaan makanan, spa, rumah tumpangan serta lain-lain lagi yang mengalirkan sisa kumbahan dan domestik terus ke Sungai Mas. Di samping itu, pada kejadian tersebut muara Sungai Mas telah tertutup.",Sungai Mas,"Premis-premis di sepanjang Sungai Mas, Batu Feringghi.",1)    Telah menjalankan kerja-keija pengorekan muara bagi membolehkan air sungai yang bertakung keluar ke laut. 2)    Perobohan secara berfasa ke atas premis-premis haram ini akan dilaksanakan memandangkan sungai tersebut sukar untuk dimasuki oleh pihak JPS bagi menjalankan kerja-keija penyelenggaraan.
DTL,24.03.2016,"Aduan telah diterima dari orang awam berkenaan air kotor, hitam dan berbau busuk di sepanjang Sungai Pinang",Sungai Pinang,"Pelepasan effluen dari premis-premis, bengkel serta kilang berdekatan Sungai Pinang.",1) Beberapa premis telah dikenalpasti dan tindakan kompaun dan penguatkuasaan sedang diambil oleh MBPP dan Pejabat Daerah.
DTL,27.03.2016,"Aduan air sungai berwarna hitam dan tercemar telah diterima dari JKKK Taman Seri Setia di Sungai Kechil, Tanjung Bungah",Sungai Kechil,Pelepasan effluen dari IWK,1) Tindakan pembaikan serta merta telah diambil oleh pihak IWK.
SPS,15.02.2016,Pencemaran parit yang disebabkan oleh pelepasan sisa kumbahan ternakan khinzir di ladang berkaitan (Kg. Jawi),"Parit AX, Sungai Jawi",Pembuangan sisa kumbahan kinzir,1) Isu telah dipanjangkan kepada MPSP dan JAS. JPS telah menjalankan kerja-kerja pengorekkan untuk membuang sisa-sisa mendapan
SPS,12.10.2016,Pencemaran parit yang disebabkan oleh pelepasan sisa kumbahan ternakan khinzir di ladang berkaitan (Kern Valdor),"Parit D3,Sungai Jawi",Pembuangan sisa kumbahan kinzir,1) Isu telah dipanjangkan kepada MPSP dan JAS. JPS telah menjalankan kerja-kerja pengorekkan untuk membuang sisa-sisa mendapan
SPS,12.10.2015,Pencemaran parit yang disebabkan oleh pelepasan sisa kumbahan ternakan khinzir di ladang berkaitan (Kern Valdor),"Parit E2, Sungai Jawi",Pembuangan sisa kumbahan kinzir,1) Isu telah dipanjangkan kepada MPSP dan JAS. JPS telah menjalankan kerja-kerja pengorekkan untuk membuang sisa-sisa mendapan
SPS,12.10.2015,Pencemaran parit yang disebabkan oleh pelepasan sisa kumbahan ternakan khinzir di ladang berkaitan (Kern Valdor),"Parit Pertanian, Valdor",Pembuangan sisa kumbahan kinzir,1) Isu telah dipanjangkan kepada MPSP dan JAS. JPS telah menjalankan kerja-kerja pengorekkan untuk membuang sisa-sisa mendapan
SPS,09.05.2015,Pencemaran yang berlaku akibat daripada pelepasan sisa toksik / buangan daripada kilang Muda Paper Mills terus ke dalam sungai di bahagian upstream,Sungai Tasek Chempedak,Pembuangan sisa kumbahan kilang kertas,1) Isu telah dipanjangkan kepada MPSP dan JAS
SPS,11.02.2015,Pencemaran dan pembuangan sisa industri dan juga ladang ternakan khinzir di bahagian upstream yang menyebabkan air sungai menjadi kotor.,Sungai Jawi,"Pembuangan sampah, sisa makanan ternakan ikan, bangkai binatang dan sisa kumbahan Kilans",1) Isu telah dipanjangkan kepada MPSP dan JAS
SPT,13.06.2016,Pencemaran sungai disebabkan oleh pelepasan air dari kawasan industri dan juga dari STP IWK menyebab sungai berwama hitam dan menjadi busuk. Disamping itu pencemaran sungai juga turnt disumbang oleh sisa kumbahan domestik dari kawasan perumahan dan sampah sarap yang dibuang kedalam sungai.,"Parit D2, Seberang Jaya","Kawasan Industri Bayan Lepas, Sisa kumbahan IWK dan Kawasan perumahan",1)    Program kesedaran tentang isu pencemaran sungai kepada semua pihak yang terlibat. Laporan juga telah dibuat kepada pihak JAS bagi tindakan penguatkuasaan. 2)    Bagi isu pencemaran seperti sampah sarap JPS SPT telah memasang perangkap sampah. Bilangan kutipan sampah seminggu sekali
SPT,13.06.2016,Pencemaran sungai disebabkan oleh pelepasan air dari kawasan industri termasuk sisa domestik dan sampah dari kawasan perumahan terutamanya di kawasan kampung Jawa menyebabkan sungai menjadi hitam dan busuk,Borrowpit Seberang Jaya,"Kawasan Industri Seberang Jaya , Kawasan perumahan , kawasan rekreasi sungai pertama dan kawasan Taman Burung Pulau Pinang",1)    Program kesedaran tentang isu pencemaran sungai kepada semua pihak yang terlibat. Laporan juga telah dibuat kepada pihak JAS bagi tindakan penguatkuasaan. 2)    Manakala bagi isu pencemaran seperti sampah sarap JPS SPT telah memasang perangkap sampah.Bilangan kutipan sampah seminggu sekali tetapi kuantiti sampah tidak direkod
SPT,15.06.2016,Pencemaran sungai disebabkan oleh pelepasan air dari kawasan industri termasuk sisa domestik dan sampah dari kawasan perumahan terutamanya di kawasan Taman Pelangi dan sekitar kawasan Perai menyebabkan sungai menjadi hitam dan busuk,Sungai Juru -Muara,"Kawasan Industri perai dan Taman pelangi, Kawasan perumahan berhampiran",1)    Program kesedaran tentang isu pencemaran sungai kepada semua pihak yang terlibat. Laporan juga telah dibuat kepada pihak JAS bagi tindakan penguatkuasaan. 2)    Bagi isu pencemaran seperti sampah sarap JPS SPT telah memasang perangkap sampah. Bilangan kutipan sampah seminggu sekali
SPT,15.06.2016,Pencemaran sungai disebabkan oleh pelepasan air kawasan perumahan dan pembuangan sampah yang berleluasa terutamanya dari taman-taman perumahan di sepanjang sungai menyebabkan sungai menjadi hitam dan busuk,Sungai Kilang Ubi,Kawasan perumahan dan Kampung-kampung di sepanjang sungai.,1)    Program kesedaran tentang isu pencemaran sungai kepada semua pihak yang terlibat. Laporan juga telah dibuat kepada pihak JAS bagi tindakan penguatkuasaan. 2)    Bagi isu pencemaran seperti sampah sarap JPS SPT telah memasang perangkap sampah. Bilangan kutipan sampah seminggu sekali
SPU,02.06.2016,Pencemaran sungai disebabkan oleh pelepasan air dari kawasan perindustrian termasuk sisa domestik dan sampah dari kawasan perumahan terutamanya di kawasan Mak Mandin menyebabkan sungai menjadi hitam dan busuk,Sungai Mak Mandin,Sisa-sisa buangan dari kawasan perindustrian sekitar Mak Mandin,1)    Rekabentuk Terperinci Bagi Projek Tebatan Banjir Dan Keija Menaiktaraf Sistem Saliran Bagi Mengatasi Masalah Banjir Di Kawasan Mak Mandin sedang dilaksanakan. 2)    Memasang log boom perangkap sampah di Sg Mak Mandin berhampiran Sekolah Rendah Jenis Kebangsaan Tamil Mak Mandin. Kekerapan kutipan sampah adalah sebulan sekali atau bergantung kepada keadaan semasa.
SPU,15.09.2016,Pencemaran sungai disebabkan oleh pelepasan air dari kawasan industri termasuk sisa domestik dan sampah dari kawasan perumahan dan perindutrian terutamanya di kawasan Sg Lokan dan sekitar kawasan menyebabkan sungai menjadi hitam dan busuk sebelum ke Sg Perai,Sungai Lokan,Sisa-sisa buangan dari kawasan perindustrian sekitar Sungai Lokan dan pencerobohan rizab sungai,"1)    Kajian Saliran Sungai Lokan oleh Majlis Perbandaran Seberang Perai pada tahun 2014 telah dilaksanakan. Setiap permohonan pemajuan baru hendaklah mengikut kajian yang telah dimuktamadkan 2)    Tindakan penguatkuasaan oleh pihak Pejabat Daerah Dan Tanah SPU dan MPSP. 3)    Kerja-kerja menaiktaraf pintu air, menstabil tebing dan pembersihan Sungai Lokan"
SPU,15.09.2016,"Pencemaran sungai disebabkan oleh pelepasan air dari ladang khinzir termasuk kawasan industri, sisa domestik dan sampah dari kawasan Kg Selamat menyebabkan sungai menjadi hi tarn dan busuk. Bangkai khinzir ada juga turnt dibuang ke dalam sungai. Terdapat Rumah Pam pengairan Air Melintas (140 ha), Rumah Pam Tok Bedu (67 ha) dan Rumah Pam Sg Kreh (285 ha) yang menggunakan air Sg Kreh sebagai sumber air untuk pengairan","Kampung Selamat, Hulu Sungai Kreh",Sisa najis ternakan di ladang-ladang khinzir yang terdapat di Kg. Selamat,1)    Mengubah intake pam pengairan di Rumah Pam Air Melintas pada tahun 2014 oleh IADA Pulau Pinang 2)    Projek pemulihan kualiti air menggunakan kaedah EM dan Mud Ball oleh Syarikat JPV. 3)    Cadangan Projek Ladang Khinzir Tertutup oleh Syarikat PP AD 4)    Kerja-kerja menstabil tebing dan pembersihan Sungai Kreh
